{
    "idSave": 506,
    "isFirstSession": false,
    "language": "ru",
    "promptDone": false,
    "Money": 1000,
    "OpenTracks": [
        1,
        0,
        0,
        0,
        0
    ],
    "OpenCars": [
        1,
        0,
        0,
        0,
        0
    ],
    "GeneralVolume": 0.589245617389679,
    "EnviromentVolume": 0.5639076232910156,
    "CarVolume": 0.6880630254745483,
    "UIVolume": 1.0,
    "MusicVolume": 1.0,
    "GraphicsPreset": 4
}